"","refsnp_id","phenotype_description","phenotype_name"
"1","rs11209026","Ankylosing spondylitis",NA
"2","rs11249215","Ankylosing spondylitis",NA
"3","rs12141575","Ankylosing spondylitis",NA
"4","rs12758027","Ankylosing spondylitis",NA
"5","rs4129267","Ankylosing spondylitis",NA
"6","rs6600247","Ankylosing spondylitis",NA
"7","rs1801274","Ankylosing spondylitis",NA
"8","rs2297909","Ankylosing spondylitis",NA
"9","rs41299637","Ankylosing spondylitis",NA
"10","rs10865331","Ankylosing spondylitis",NA
"11","rs6759298","Ankylosing spondylitis",NA
"12","rs4676410","Ankylosing spondylitis",NA
"13","rs4851529","Ankylosing spondylitis",NA
"14","rs1018326","Ankylosing spondylitis",NA
"15","rs2192752","Ankylosing spondylitis",NA
"16","rs2310173","Ankylosing spondylitis",NA
"17","rs12615545","Ankylosing spondylitis",NA
"18","rs13001372","Ankylosing spondylitis",NA
"19","rs13093489","Ankylosing spondylitis",NA
"20","rs34939008","Ankylosing spondylitis",NA
"21","rs4333130","Ankylosing spondylitis",NA
"22","rs4389526","Ankylosing spondylitis",NA
"23","rs10000518","Ankylosing spondylitis",NA
"24","rs10045403","Ankylosing spondylitis",NA
"25","rs10440635","Ankylosing spondylitis",NA
"26","rs4552569","Ankylosing spondylitis",NA
"27","rs6556416","Ankylosing spondylitis",NA
"28","rs6871626","Ankylosing spondylitis",NA
"29","rs11742270","Ankylosing spondylitis",NA
"30","rs12186979","Ankylosing spondylitis",NA
"31","rs2910686","Ankylosing spondylitis",NA
"32","rs27434","Ankylosing spondylitis",NA
"33","rs27529","Ankylosing spondylitis",NA
"34","rs30187","Ankylosing spondylitis",NA
"35","rs4349859","Ankylosing spondylitis",NA
"36","rs2394250","Ankylosing spondylitis",NA
"37","rs7743761","Ankylosing spondylitis",NA
"38","rs13210693","Ankylosing spondylitis",NA
"39","rs17192932","Ankylosing spondylitis",NA
"40","rs17765610","Ankylosing spondylitis",NA
"41","rs116488202","Ankylosing spondylitis",NA
"42","rs10280089","Ankylosing spondylitis",NA
"43","rs2402752","Ankylosing spondylitis",NA
"44","rs55688811","Ankylosing spondylitis",NA
"45","rs1013210","Ankylosing spondylitis",NA
"46","rs4876208","Ankylosing spondylitis",NA
"47","rs1128905","Ankylosing spondylitis",NA
"48","rs7874251","Ankylosing spondylitis",NA
"49","rs10781500","Ankylosing spondylitis",NA
"50","rs1250550","Ankylosing spondylitis",NA
"51","rs1326986","Ankylosing spondylitis",NA
"52","rs2031610","Ankylosing spondylitis",NA
"53","rs11190133","Ankylosing spondylitis",NA
"54","rs7298011","Ankylosing spondylitis",NA
"55","rs7954567","Ankylosing spondylitis",NA
"56","rs1860545","Ankylosing spondylitis",NA
"57","rs11065898","Ankylosing spondylitis",NA
"58","rs11616188","Ankylosing spondylitis",NA
"59","rs17095830","Ankylosing spondylitis",NA
"60","rs11624293","Ankylosing spondylitis",NA
"61","rs12146962","Ankylosing spondylitis",NA
"62","rs8036083","Ankylosing spondylitis",NA
"63","rs148783236","Ankylosing spondylitis",NA
"64","rs61752717","Ankylosing spondylitis",NA
"65","rs2297518","Ankylosing spondylitis",NA
"66","rs2531875","Ankylosing spondylitis",NA
"67","rs6502398","Ankylosing spondylitis",NA
"68","rs7217335","Ankylosing spondylitis",NA
"69","rs8070463","Ankylosing spondylitis",NA
"70","rs9901869","Ankylosing spondylitis",NA
"71","rs35164067","Ankylosing spondylitis",NA
"72","rs235316","Ankylosing spondylitis",NA
"73","rs378108","Ankylosing spondylitis",NA
"74","rs2242944","Ankylosing spondylitis",NA
"75","rs2836883","Ankylosing spondylitis",NA
"76","rs7282490","Ankylosing spondylitis",NA
"77","rs2075726","Ankylosing spondylitis",NA
"78","rs2283790","Ankylosing spondylitis",NA
